ASIN,SKU
B08NQ1WKHM,Air-Step-Parent
B08Q9SQJ6K,Bistro-Pot-Holder-Parent
B08DG73257,Buffalo-Checkered-Parent
B08NTYDXQ3,Chenille-Shells-Parent
B08RK47W59,Chino-Bath-Mat-Parent
B08FF8T9SW,Cliver-Parent
B08VS9GKNX,Coiled-Woven-Parent
B08NTSSNVF,Coir-Outdoor-Mat-Parent
B093MJ3MSH,Cozy-Living-Buffalo-Home-Sweet-Parent
B0914LS92L,Cozy-Living-Damask
B091ZH85M8,Cozy-Living-Floral-Home-Sweet-Parent
B093MPFKNB,Cozy-Living-Kitchen-Parent
B093J47VTQ,Cozy-Living-Kochi-Parent
B091XKZPWJ,Cozy-Living-Lemon-Wreath-Parent
B093MPZZTF,Cozy-Living-Pineapple-Parent
B092SW1BMM,Cozy-Living-Reclaimed-Wood-Parent
B093JM9VWC,Cozy-Living-Wine
B093JM9VWC,Cozy-Living-Wine-Humor-Parent
B08NVDM61D,Crushed-Velvet-Parent
B08NVLH84Z,Faux-Fur-Parent
B08S7VLNT9,Faux-Linen-Fringe-Parent
B084CY93PB,Gentle-Step-Parent
B08DG88S7V,Jacquard-Tablecloth-Parent
B08S7RG86B,Jaquard-Pillow-Parent
B08KQJYS5Q,Lexington-Chair-Cover-Parent
B08DG6N181,Poinsettia-Damask-Parent
B08NWGF4XB,Smooth-Step-Parent
B088SCG5SK,SoHome-Fur-Bed-Parent
B08NQ1N1HH,Soft-Step-Parent
B086N2Z1M3,Sohome-Paw-Bed Parent
B08PDL99GL,Spa-Step-Lid-Cover-Parent
B08PDP4DKQ,Spa-Step-Parent
B084H2GTLG,TNC-Silicone-Oven-Mitt-Parent
B08NVH6SJ2,Textured-Velvet-Parent
B088ZMBFS4,Towels-Parent
